{
  "learning_rate": 0.04005042859190999,
  "max_depth": 2,
  "min_child_samples": 45,
  "n_estimators": 257,
  "num_leaves": 34,
  "reg_lambda": 0.0031737458096006716
}