{
  "learning_rate": 0.021215354560988588,
  "max_depth": 2,
  "min_child_samples": 35,
  "n_estimators": 344,
  "num_leaves": 61,
  "reg_lambda": 4.708725993862247
}