{
  "learning_rate": 0.01813531126762532,
  "max_depth": 2,
  "min_child_weight": 66,
  "n_estimators": 324,
  "reg_lambda": 0.6547246756980601
}